File_Code,Title,Authors,Year,Journal,DOI,OA_URL,MD5_Hash
OA_KW6_001,EEG Based Emotion Recognition: A Tutorial and Review,"Xiang Li, Yazhou Zhang, Prayag Tiwari et al.",2022,ACM Computing Surveys,10.1145/3524499,https://arxiv.org/pdf/2203.11279.pdf,9f7969643edd8865b614c32838589272
OA_KW6_002,Self-Supervised Contrastive Pre-Training For Time Series via Time-Frequency Consistency,"Xiang Zhang, Ziyuan Zhao, Theodoros Tsiligkaridis et al.",2022,arXiv (Cornell University),10.48550/arxiv.2206.08496,https://arxiv.org/pdf/2206.08496.pdf,0b069252e40fc66880352f70dc1f10b2
OA_KW6_003,STGATE: Spatial-temporal graph attention network with a transformer encoder for EEG-based emotion recognition,"Jingcong Li, Weijian Pan, Haiyun Huang et al.",2023,Frontiers in Human Neuroscience,10.3389/fnhum.2023.1169949,https://www.frontiersin.org/articles/10.3389/fnhum.2023.1169949/pdf,6e6d2d48ec4086a8dbce1579283238fa
OA_KW6_004,Role of machine learning and deep learning techniques in EEG-based BCI emotion recognition system: a review,"Priyadarsini Samal, Mohammad Farukh Hashmi",2024,Artificial Intelligence Review,10.1007/s10462-023-10690-2,https://link.springer.com/content/pdf/10.1007/s10462-023-10690-2.pdf,10ccccd8c4391dc1177d0f8adb631eee
OA_KW6_005,Human emotion recognition from EEG-based brain–computer interface using machine learning: a comprehensive review,"Essam Halim Houssein, Asmaa S.A. Hammad, Abdelmgeid A. Ali",2022,Neural Computing and Applications,10.1007/s00521-022-07292-4,https://link.springer.com/content/pdf/10.1007/s00521-022-07292-4.pdf,54ba887c25181daa8bbf683df95e3f13
OA_KW6_006,SS-EMERGE - self-supervised enhancement for multidimension emotion recognition using GNNs for EEG,"Chirag Kamal Ahuja, Divyashikha Sethia",2025,Scientific Reports,10.1038/s41598-025-98623-7,https://www.nature.com/articles/s41598-025-98623-7.pdf,61c4d02d04ef4e4ee1317b98de9e82a8
OA_KW6_007,Leveraging Generic Time Series Foundation Models for EEG Classification,"Théo Gnassounou, Yessin Moakher, Shifeng Xie et al.",2025,arXiv Preprint,10.48550/arXiv.2510.27522v1,https://arxiv.org/pdf/2510.27522v1.pdf,a5e2c599231047a8a2836f62d6390d78
OA_KW6_008,Robust Tabular Foundation Models,"Matthew Peroni, Franck Le, Vadim Sheinin",2025,arXiv Preprint,10.48550/arXiv.2512.03307v1,https://arxiv.org/pdf/2512.03307v1.pdf,c78bbc753dcf3e670199c44c369a74e2
OA_KW6_009,Finetuning and Quantization of EEG-Based Foundational BioSignal Models on ECG and PPG Data for Blood Pressure Estimation,"Bálint Tóth, Dominik Senti, Thorir Mar Ingolfsson et al.",2025,arXiv Preprint,10.48550/arXiv.2502.17460v2,https://arxiv.org/pdf/2502.17460v2.pdf,991d991b07da0eda355368a5302ddb39
OA_KW6_010,CTNet: a convolutional transformer network for EEG-based motor imagery classification,"Wei Zhao, Xiaolu Jiang, Baocan Zhang et al.",2024,Scientific Reports,10.1038/s41598-024-71118-7,https://www.nature.com/articles/s41598-024-71118-7.pdf,b754a18f8343fc209734fb6e52d77f5c
OA_KW6_011,EEG-based emotion recognition using graph convolutional neural network with dual attention mechanism,"Wei Chen, Yuan Liao, Rui Dai et al.",2024,Frontiers in Computational Neuroscience,10.3389/fncom.2024.1416494,https://www.frontiersin.org/journals/computational-neuroscience/articles/10.3389/fncom.2024.1416494/pdf,0c219f509f4144033d3fefa59ef2e6a3
OA_KW6_012,DAGAM: a domain adversarial graph attention model for subject-independent EEG-based emotion recognition,"Tao Xu, Wang Dang, Jiabao Wang et al.",2022,Journal of Neural Engineering,10.1088/1741-2552/acae06,https://arxiv.org/pdf/2202.12948,3508829abd4eef270852c36d37a52879
OA_KW6_013,Zero-Shot Neural Priors for Generalizable Cross-Subject and Cross-Task EEG Decoding,"Baimam Boukar Jean Jacques, Brandone Fonya, Nchofon Tagha Ghogomu et al.",2026,arXiv Preprint,10.48550/arXiv.2606.23706v2,https://arxiv.org/pdf/2606.23706v2.pdf,e9c5568ed8c227bfc054dd0175e44563
OA_KW6_014,EEG-Bench: A Benchmark for EEG Foundation Models in Clinical Applications,"Ard Kastrati, Josua Bürki, Jonas Lauer et al.",2025,arXiv Preprint,10.48550/arXiv.2512.08959v1,https://arxiv.org/pdf/2512.08959v1.pdf,39dd3e20d74c281c2db7167c0d188ce0
OA_KW6_015,EEG-AS: Instance-Level Foundation Model Selection for EEG Foundation Models via Behavior Reconstruction,"Yunzhen Zhang, Ruoxi Piao, Hasan Onur Keles et al.",2026,arXiv Preprint,10.48550/arXiv.2609.00653v1,https://arxiv.org/pdf/2609.00653v1.pdf,7fd74b85cc7dc98b6a509f587c7a17ae
OA_KW6_016,OmniEEG-Bench: A Standardized Evaluation Benchmark for EEG Foundation Models,"Ziling Lu, Zongsheng Li, Xinke Shen et al.",2026,arXiv Preprint,10.48550/arXiv.2606.00815v1,https://arxiv.org/pdf/2606.00815v1.pdf,dbb3379686fbacacb81d4206052c3619
OA_KW6_017,EEG-EditBench: Probing Visual Information in EEG-Image Retrieval Models with Controlled Image Edits,"Kaifan Zhang, Lihuo He, Yuqi Ji et al.",2026,arXiv Preprint,10.48550/arXiv.2607.27857v1,https://arxiv.org/pdf/2607.27857v1.pdf,fea813d5c66173cdfb5bb218fc46df9e
OA_KW6_018,The applied principles of EEG analysis methods in neuroscience and clinical neurology,"Hao Zhang, Qing-Qi Zhou, He Chen et al.",2023,Military Medical Research,10.1186/s40779-023-00502-7,https://mmrjournal.biomedcentral.com/counter/pdf/10.1186/s40779-023-00502-7,871fc1b7b7bc27107312258d6932a67b
OA_KW6_019,EEG-MSAF: An Interpretable Microstate Framework uncovers Default-Mode Decoherence in Early Neurodegeneration,"Mohammad Mehedi Hasan, Pedro G. Lind, Hernando Ombao et al.",2025,arXiv Preprint,10.48550/arXiv.2509.02568v1,https://arxiv.org/pdf/2509.02568v1.pdf,de6f3556f15a29b3563d9c0a4df4e6c0
OA_KW6_020,Neuro-GPT: Towards A Foundation Model for EEG,"Wenhui Cui, Woojae Jeong, Philipp Thölke et al.",2023,arXiv Preprint,10.48550/arXiv.2311.03764v4,https://arxiv.org/pdf/2311.03764v4.pdf,eed0dd5669c95c7077923b786c05826d
OA_KW6_021,Evaluating Latent Space Robustness and Uncertainty of EEG-ML Models under Realistic Distribution Shifts,"Neeraj Wagh, Jionghao Wei, Samarth Rawal et al.",2022,arXiv Preprint,10.48550/arXiv.2209.11233v2,https://arxiv.org/pdf/2209.11233v2.pdf,c64af6f008013994b4720b49a93abc74
OA_KW6_022,Large-scale Training of Foundation Models for Wearable Biosignals,"Salar Abbaspourazad, Oussama Elachqar, Andrew C. Miller et al.",2023,arXiv Preprint,10.48550/arXiv.2312.05409v2,https://arxiv.org/pdf/2312.05409v2.pdf,b386b01839fff9001e832ad0f3ab53f9
OA_KW6_023,GEFM: Graph-Enhanced EEG Foundation Model,"Limin Wang, Toyotaro Suzumura, Hiroki Kanezashi",2024,arXiv Preprint,10.48550/arXiv.2411.19507v3,https://arxiv.org/pdf/2411.19507v3.pdf,9611e7b30127587740f4d8bf218690ca
OA_KW6_024,NeuroRVQ: Multi-Scale Biosignal Tokenization for Generative Foundation Models,"Konstantinos Barmpas, Na Lee, Dimitrios Chalatsis et al.",2025,arXiv Preprint,10.48550/arXiv.2510.13068v4,https://arxiv.org/pdf/2510.13068v4.pdf,ba4004d241d273f3da96f1965f3b881a
OA_KW6_025,CLEF: EEG Foundation Model for Learning Clinical Semantics,"Peng Cao, Ali Mirzazadeh, Jong Woo Lee et al.",2026,arXiv Preprint,10.48550/arXiv.2605.10817v1,https://arxiv.org/pdf/2605.10817v1.pdf,67ed193b8571e6ad20388cf2a4004150
OA_KW6_026,Understanding data analysis aspects of TMS-EEG in clinical study: a mini review and a case study with open dataset,Hua Cheng,2024,arXiv Preprint,10.48550/arXiv.2403.09707v1,https://arxiv.org/pdf/2403.09707v1.pdf,91452ad6241e3100076b2dc381181c1d
OA_KW6_027,EHR-RAGp: Retrieval-Augmented Prototype-Guided Foundation Model for Electronic Health Records,"Saeed Shurrab, Mariam Al-Omari, Dana El Samad et al.",2026,arXiv Preprint,10.48550/arXiv.2605.12335v1,https://arxiv.org/pdf/2605.12335v1.pdf,afce86f085f2977d8461f8a595e5fd5b
OA_KW6_028,EEG-PRISM: Physiologically-Grounded Interpretability of Predictions by EEG Foundation Models,"Deeksha M Shama, Punnisa Amornsirikul, Archana Venkataraman",2026,arXiv Preprint,10.48550/arXiv.2608.13676v1,https://arxiv.org/pdf/2608.13676v1.pdf,8604c999f06cc5640c1a2e47164f7c54
OA_KW6_029,CBraMod: A Criss-Cross Brain Foundation Model for EEG Decoding,"Jiquan Wang, Sha Zhao, Zhiling Luo et al.",2024,arXiv Preprint,10.48550/arXiv.2412.07236v6,https://arxiv.org/pdf/2412.07236v6.pdf,03f37f9f2023fdacad651f165c52c8cf
OA_KW6_030,EEG-JEPA: Structured Latent Prediction for EEG Foundation Models,"Jinhao Li, Zhiyuan Ma, Xueqiao Han et al.",2026,arXiv Preprint,10.48550/arXiv.2608.00114v1,https://arxiv.org/pdf/2608.00114v1.pdf,5bda0a5e0b8339447bfb6b19bbe3cb93
OA_KW6_031,HunyuanImage 3.0 Technical Report, Tencent Hunyuan Foundation Model Team,2025,arXiv Preprint,10.48550/arXiv.2509.23951v3,https://arxiv.org/pdf/2509.23951v3.pdf,0fe7d3c0675983bc5d4c5fa93ff5bcd4
OA_KW6_032,CLEF: Clinically-Guided Contrastive Learning for Electrocardiogram Foundation Models,"Yuxuan Shu, Peter H. Charlton, Fahim Kawsar et al.",2025,arXiv Preprint,10.48550/arXiv.2512.02180v1,https://arxiv.org/pdf/2512.02180v1.pdf,3f004a1283bafc1f83623b1c8abd3246
OA_KW6_033,PSO Fuzzy XGBoost Classifier Boosted with Neural Gas Features on EEG Signals in Emotion Recognition,Seyed Muhammad Hossein Mousavi,2024,arXiv Preprint,10.48550/arXiv.2407.09950v2,https://arxiv.org/pdf/2407.09950v2.pdf,c6aa81122839573252616ed73eebcae9
OA_KW6_034,Elastic Weight Consolidation Improves the Robustness of Self-Supervised Learning Methods under Transfer,"Andrius Ovsianas, Jason Ramapuram, Dan Busbridge et al.",2022,arXiv Preprint,10.48550/arXiv.2210.16365v1,https://arxiv.org/pdf/2210.16365v1.pdf,91cdf956781c63ab8e1cbf76ff401368
OA_KW6_035,The Case for Cleaner Biosignals: High-fidelity Neural Compressor Enables Transfer from Cleaner iEEG to Noisier EEG,"Francesco Stefano Carzaniga, Gary Tom Hoppeler, Michael Hersche et al.",2025,arXiv Preprint,10.48550/arXiv.2502.17462v1,https://arxiv.org/pdf/2502.17462v1.pdf,0c7e36933887c57ea3456ae022fe006c
OA_KW6_036,Non-Contrastive Self-supervised Learning for Utterance-Level Information Extraction from Speech,"Jaejin Cho, Jes'us Villalba, Laureano Moro-Velazquez et al.",2022,arXiv Preprint,10.48550/arXiv.2208.05445v1,https://arxiv.org/pdf/2208.05445v1.pdf,d87defb3341127f7019c7771c813f4da
OA_KW6_037,Real-Time Seizure Detection using EEG: A Comprehensive Comparison of Recent Approaches under a Realistic Setting,"Kwanhyung Lee, Hyewon Jeong, Seyun Kim et al.",2022,arXiv Preprint,10.48550/arXiv.2201.08780v2,https://arxiv.org/pdf/2201.08780v2.pdf,16c033692b39e39c67e9fdbf5a015b5c
OA_KW6_038,GMSS: Graph-Based Multi-Task Self-Supervised Learning for EEG Emotion Recognition,"Yang Li, Ji Chen, Fu Li et al.",2022,arXiv Preprint,10.48550/arXiv.2205.01030v1,https://arxiv.org/pdf/2205.01030v1.pdf,03aee7d9084d8db4b42a911046f17228
OA_KW6_039,"Toward cross-subject and cross-session generalization in EEG-based emotion recognition: Systematic review, taxonomy, and methods","Andrea Apicella, Pasquale Arpaia, Giovanni D'Errico et al.",2022,arXiv Preprint,10.48550/arXiv.2212.08744v3,https://arxiv.org/pdf/2212.08744v3.pdf,6ee3804cd5907866a80210f99b3a2a72
OA_KW6_040,Self-Distilled Representation Learning for Time Series,"Felix Pieper, Konstantin Ditschuneit, Martin Genzel et al.",2023,arXiv Preprint,10.48550/arXiv.2311.11335v1,https://arxiv.org/pdf/2311.11335v1.pdf,0964e395f8fb96d8b63a12447bf4b63c
OA_KW6_041,Continuous Learning Based Novelty Aware Emotion Recognition System,"Mijanur Palash, Bharat Bhargava",2023,arXiv Preprint,10.48550/arXiv.2306.08733v1,https://arxiv.org/pdf/2306.08733v1.pdf,3febfe12f8f2e7cfae0988604177894e
OA_KW6_042,On the Workflows and Smells of Leaderboard Operations (LBOps): An Exploratory Study of Foundation Model Leaderboards,"Zhimin Zhao, Abdul Ali Bangash, Filipe Roseiro Côgo et al.",2024,arXiv Preprint,10.48550/arXiv.2407.04065v4,https://arxiv.org/pdf/2407.04065v4.pdf,dfe0c630d62952c1542359c60ed0878e
OA_KW6_043,Contrastive Self-Supervised Learning for Skeleton Representations,"Nico Lingg, Miguel Sarabia, Luca Zappella et al.",2022,arXiv Preprint,10.48550/arXiv.2211.05304v1,https://arxiv.org/pdf/2211.05304v1.pdf,ae176072444d97d90acb7bda3ec3f092
OA_KW6_044,Standing on the Shoulders of Giants: Rethinking EEG Foundation Model Pretraining via Multi-Teacher Distillation,"Chenqi Li, Yu Liu, Shuo Zhang et al.",2026,arXiv Preprint,10.48550/arXiv.2603.04478v1,https://arxiv.org/pdf/2603.04478v1.pdf,3d7597910422e6c972226b642b496e41
OA_KW6_045,Similarity Contrastive Estimation for Image and Video Soft Contrastive Self-Supervised Learning,"Julien Denize, Jaonary Rabarisoa, Astrid Orcesi et al.",2022,arXiv Preprint,10.48550/arXiv.2212.11187v1,https://arxiv.org/pdf/2212.11187v1.pdf,7c1f1ed0039c87f86a22df559b4d4283
OA_KW6_046,A Supervised Information Enhanced Multi-Granularity Contrastive Learning Framework for EEG Based Emotion Recognition,"Xiang Li, Jian Song, Zhigang Zhao et al.",2024,arXiv Preprint,10.48550/arXiv.2405.07260v1,https://arxiv.org/pdf/2405.07260v1.pdf,49c553f2a33e11d93a06f06bd2b41047
OA_KW6_047,Image Segmentation in Foundation Model Era: A Survey,"Tianfei Zhou, Wang Xia, Fei Zhang et al.",2024,arXiv Preprint,10.48550/arXiv.2408.12957v3,https://arxiv.org/pdf/2408.12957v3.pdf,3a6fa87b1666e308fc356c44840b084c
OA_KW6_048,ME-VLM: A Unified VLM for Embodied Cognition and Agent Coordination,"Foundation Model, Li Auto Inc",2026,arXiv Preprint,10.48550/arXiv.2609.24526v2,https://arxiv.org/pdf/2609.24526v2.pdf,1a7885973f05b2f3bf822ed95db8400f
OA_KW6_049,Enhancing Representation Learning of EEG Data with Masked Autoencoders,"Yifei Zhou, Sitong Liu",2024,arXiv Preprint,10.48550/arXiv.2408.05375v2,https://arxiv.org/pdf/2408.05375v2.pdf,6b2cc91de08925ed2a88588bb9a8c88c
OA_KW6_050,A Survey on Masked Autoencoder for Self-supervised Learning in Vision and Beyond,"Chaoning Zhang, Chenshuang Zhang, Junha Song et al.",2022,arXiv Preprint,10.48550/arXiv.2208.00173v1,https://arxiv.org/pdf/2208.00173v1.pdf,9b2279d042e185acdddce8a1646a6826
