ID,Year,Title,Authors,Venue,Citations,DOI,OA_URL,PDF_URL
OA_KW5_001,2023,"Generative adversarial networks in EEG analysis: an overview","Ahmed G. Habashi, Ahmed M. Azab, Seif Eldawlatly, Gamal M. Aly","Journal of NeuroEngineering and Rehabilitation",124,https://doi.org/10.1186/s12984-023-01169-w,https://jneuroengrehab.biomedcentral.com/counter/pdf/10.1186/s12984-023-01169-w,https://jneuroengrehab.biomedcentral.com/counter/pdf/10.1186/s12984-023-01169-w
OA_KW5_002,2023,"Virtual nature, psychological and psychophysiological outcomes: A systematic review","Giuseppina Spano, Annalisa Theodorou, Gerhard Reese, Giuseppe Carrus, Giovanni Sanesi","Journal of Environmental Psychology",119,https://doi.org/10.1016/j.jenvp.2023.102044,https://www.sciencedirect.com/science/article/pii/S0272494423000920,https://www.sciencedirect.com/science/article/pii/S0272494423000920
OA_KW5_003,2025,"A review on EEG-based multimodal learning for emotion recognition","Rajasekhar Pillalamarri, S. Udhayakumar","Artificial Intelligence Review",117,https://doi.org/10.1007/s10462-025-11126-9,https://link.springer.com/content/pdf/10.1007/s10462-025-11126-9.pdf,https://link.springer.com/content/pdf/10.1007/s10462-025-11126-9.pdf
OA_KW5_004,2023,"State-of-the-Art of Stress Prediction from Heart Rate Variability Using Artificial Intelligence","Yeaminul Haque, Rahat Shahriar Zawad, Chowdhury Saleh Ahmed Rony, Hasan Al Banna, Tapotosh Ghosh","Cognitive Computation",107,https://doi.org/10.1007/s12559-023-10200-0,https://link.springer.com/content/pdf/10.1007/s12559-023-10200-0.pdf,https://link.springer.com/content/pdf/10.1007/s12559-023-10200-0.pdf
OA_KW5_005,2023,"Transformer-Based Self-Supervised Multimodal Representation Learning for Wearable Emotion Recognition","Yujin Wu, Mohamed Daoudi, Ali Amad","IEEE Transactions on Affective Computing",106,https://doi.org/10.1109/taffc.2023.3263907,https://hal.science/hal-04051433/document,
OA_KW5_006,2023,"An interpretable machine learning approach to multimodal stress detection in a simulated office environment","Mara Naegelin, Raphael P. Weibel, Jasmine I. Kerr, Victor R. Schinazi, Roberto La Marca","Journal of Biomedical Informatics",81,https://doi.org/10.1016/j.jbi.2023.104299,https://ars.els-cdn.com/content/image/1-s2.0-S1532046423000205-ga1_lrg.jpg,https://ars.els-cdn.com/content/image/1-s2.0-S1532046423000205-ga1_lrg.jpg
OA_KW5_007,2024,"Machine learning for human emotion recognition: a comprehensive review","Eman M. G. Younis, Someya Mohsen, Essam H. Houssein, Osman Ali Sadek Ibrahim","Neural Computing and Applications",75,https://doi.org/10.1007/s00521-024-09426-2,https://link.springer.com/content/pdf/10.1007/s00521-024-09426-2.pdf,https://link.springer.com/content/pdf/10.1007/s00521-024-09426-2.pdf
OA_KW5_008,2024,"Multimodal Emotion Recognition Using Visual, Vocal and Physiological Signals: A Review","Gustave Udahemuka, Karim Djouani, Anish Kurien","Applied Sciences",74,https://doi.org/10.3390/app14178071,https://www.mdpi.com/2076-3417/14/17/8071/pdf?version=1726193115,https://www.mdpi.com/2076-3417/14/17/8071/pdf?version=1726193115
OA_KW5_009,2024,"Personalized Stress Detection Using Biosignals from Wearables: A Scoping Review","Marco Bolpagni, Susanna Pardini, Marco Dianti, Silvia Gabrielli","Sensors",57,https://doi.org/10.3390/s24103221,https://www.mdpi.com/1424-8220/24/10/3221/pdf?version=1716262020,https://www.mdpi.com/1424-8220/24/10/3221/pdf?version=1716262020
OA_KW5_010,2023,"Reducing Stress with Yoga: A Systematic Review Based on Multimodal Biosignals","Aayushi Khajuria, Amit Kumar, Deepak Joshi, S Senthil Kumaran","International Journal of Yoga",50,https://doi.org/10.4103/ijoy.ijoy_218_23,https://doi.org/10.4103/ijoy.ijoy_218_23,
OA_KW5_011,2023,"Machine learning in biosignals processing for mental health: A narrative review","Elena Sajno, Sabrina Bartolotta, Cosimo Tuena, Pietro Cipresso, Elisa Pedroli","Frontiers in Psychology",43,https://doi.org/10.3389/fpsyg.2022.1066317,https://www.frontiersin.org/articles/10.3389/fpsyg.2022.1066317/pdf,https://www.frontiersin.org/articles/10.3389/fpsyg.2022.1066317/pdf
OA_KW5_012,2023,"Augmenting ECG Data with Multiple Filters for a Better Emotion Recognition System","Muhammad Anas Hasnul, Nor Azlina Ab. Aziz, Azlan Abd Aziz","Arabian Journal for Science and Engineering",39,https://doi.org/10.1007/s13369-022-07585-9,https://link.springer.com/content/pdf/10.1007/s13369-022-07585-9.pdf,https://link.springer.com/content/pdf/10.1007/s13369-022-07585-9.pdf
OA_KW5_013,2023,"Evaluating Multimodal Wearable Sensors for Quantifying Affective States and Depression With Neural Networks","Abdullah Ahmed, Jayroop Ramesh, Sandipan Ganguly, Raafat Aburukba, Assim Sagahyroon","IEEE Sensors Journal",36,https://doi.org/10.1109/jsen.2023.3303436,https://ieeexplore.ieee.org/ielx7/7361/4427201/10215317.pdf,https://ieeexplore.ieee.org/ielx7/7361/4427201/10215317.pdf
OA_KW5_014,2025,"A recent advances on autism spectrum disorders in diagnosing based on machine learning and deep learning","Hajir Ammar Hatim, Zaid Abdi Alkareem Alyasseri, Norziana Jamil","Artificial Intelligence Review",35,https://doi.org/10.1007/s10462-025-11302-x,https://link.springer.com/content/pdf/10.1007/s10462-025-11302-x.pdf,https://link.springer.com/content/pdf/10.1007/s10462-025-11302-x.pdf
OA_KW5_015,2024,"Wearable Solutions Using Physiological Signals for Stress Monitoring on Individuals with Autism Spectrum Disorder (ASD): A Systematic Literature Review","Sandra Cano, Claudio Cubillos, Rodrigo Alfaro, Andrés Romo, Matías García","Sensors",35,https://doi.org/10.3390/s24248137,https://www.mdpi.com/1424-8220/24/24/8137/pdf?version=1734683291,https://www.mdpi.com/1424-8220/24/24/8137/pdf?version=1734683291
OA_KW5_016,2025,"Mapping EEG Metrics to Human Affective and Cognitive Models: An Interdisciplinary Scoping Review from a Cognitive Neuroscience Perspective","Evgenia Gkintoni, Constantinos Halkiopoulos","Biomimetics",30,https://doi.org/10.3390/biomimetics10110730,https://www.mdpi.com/2313-7673/10/11/730/pdf?version=1761989060,https://www.mdpi.com/2313-7673/10/11/730/pdf?version=1761989060
OA_KW5_017,2023,"Emotion recognition and artificial intelligence: A systematic review (2014–2023) and research recommendations","Smith K. Khare, Victoria Blanes‐Vidal, Esmaeil S. Nadimi, U. Rajendra Acharya","Information Fusion",462,https://doi.org/10.1016/j.inffus.2023.102019,https://doi.org/10.1016/j.inffus.2023.102019,
OA_KW5_018,2023,"Generalizable machine learning for stress monitoring from wearable devices: A systematic literature review","Gideon Vos, Kelly Trinh, Zóltan Sarnyai, Mostafa Rahimi Azghadi","International Journal of Medical Informatics",160,https://doi.org/10.1016/j.ijmedinf.2023.105026,https://ars.els-cdn.com/content/image/1-s2.0-S1386505623000436-gr001_lrg.jpg,https://ars.els-cdn.com/content/image/1-s2.0-S1386505623000436-gr001_lrg.jpg
OA_KW5_019,2024,"Role of machine learning and deep learning techniques in EEG-based BCI emotion recognition system: a review","Priyadarsini Samal, Mohammad Farukh Hashmi","Artificial Intelligence Review",147,https://doi.org/10.1007/s10462-023-10690-2,https://link.springer.com/content/pdf/10.1007/s10462-023-10690-2.pdf,https://link.springer.com/content/pdf/10.1007/s10462-023-10690-2.pdf
OA_KW5_020,2025,"From Neural Networks to Emotional Networks: A Systematic Review of EEG-Based Emotion Recognition in Cognitive Neuroscience and Real-World Applications","Evgenia Gkintoni, Anthimos Aroutzidis, Hera Antonopoulou, Constantinos Halkiopoulos","Brain Sciences",144,https://doi.org/10.3390/brainsci15030220,https://www.mdpi.com/2076-3425/15/3/220/pdf?version=1740057185,https://www.mdpi.com/2076-3425/15/3/220/pdf?version=1740057185
OA_KW5_021,2023,"Deep Learning in EEG-Based BCIs: A Comprehensive Review of Transformer Models, Advantages, Challenges, and Applications","Berdakh Abibullaev, Aigerim Keutayeva, Amin Zollanvari","IEEE Access",136,https://doi.org/10.1109/access.2023.3329678,https://ieeexplore.ieee.org/ielx7/6287639/6514899/10305163.pdf,https://ieeexplore.ieee.org/ielx7/6287639/6514899/10305163.pdf
OA_KW5_022,2023,"Deep learning-based EEG emotion recognition: Current trends and future perspectives","Xiaohu Wang, Yongmei Ren, Ze Luo, Wei He, Jun Hong","Frontiers in Psychology",133,https://doi.org/10.3389/fpsyg.2023.1126994,https://www.frontiersin.org/articles/10.3389/fpsyg.2023.1126994/pdf,https://www.frontiersin.org/articles/10.3389/fpsyg.2023.1126994/pdf
OA_KW5_023,2023,"Emotion Recognition Using Different Sensors, Emotion Models, Methods and Datasets: A Comprehensive Review","Yujian Cai, Xingguang Li, Jinsong Li","Sensors",133,https://doi.org/10.3390/s23052455,https://www.mdpi.com/1424-8220/23/5/2455/pdf?version=1677135783,https://www.mdpi.com/1424-8220/23/5/2455/pdf?version=1677135783
OA_KW5_024,2023,"Affective Computing: Recent Advances, Challenges, and Future Trends","Guanxiong Pei, Haiying Li, Yandi Lu, Yanlei Wang, Shizhen Hua","Intelligent Computing",132,https://doi.org/10.34133/icomputing.0076,https://spj.science.org/doi/pdf/10.34133/icomputing.0076?download=true,https://spj.science.org/doi/pdf/10.34133/icomputing.0076?download=true
OA_KW5_025,2023,"Electrocardiogram Monitoring Wearable Devices and Artificial-Intelligence-Enabled Diagnostic Capabilities: A Review","Luca Neri, Matt T. Oberdier, Kirsten C. J. van Abeelen, Luca Menghini, Ethan Tumarkin","Sensors",132,https://doi.org/10.3390/s23104805,https://doi.org/10.3390/s23104805,
OA_KW5_026,2023,"Approaches, Applications, and Challenges in Physiological Emotion Recognition—A Tutorial Overview","Yekta Said Can, Bhargavi Mahesh, Elisabeth André","Proceedings of the IEEE",73,https://doi.org/10.1109/jproc.2023.3286445,https://ieeexplore.ieee.org/ielx7/5/4357935/10171229.pdf,https://ieeexplore.ieee.org/ielx7/5/4357935/10171229.pdf
OA_KW5_027,2025,"Conversational health agents: a personalized large language model-powered agent framework","Mahyar Abbasian, Iman Azimi, Amir M. Rahmani, Ramesh Jain","JAMIA Open",41,https://doi.org/10.1093/jamiaopen/ooaf067,https://academic.oup.com/jamiaopen/article-pdf/8/4/ooaf067/63674695/ooaf067.pdf,https://academic.oup.com/jamiaopen/article-pdf/8/4/ooaf067/63674695/ooaf067.pdf
OA_KW5_028,2024,"Early detection of cardiorespiratory complications and training monitoring using wearable ECG sensors and CNN","HongYuan Lu, XinMiao Feng, Jing Zhang","BMC Medical Informatics and Decision Making",24,https://doi.org/10.1186/s12911-024-02599-9,https://bmcmedinformdecismak.biomedcentral.com/counter/pdf/10.1186/s12911-024-02599-9,https://bmcmedinformdecismak.biomedcentral.com/counter/pdf/10.1186/s12911-024-02599-9
OA_KW5_029,2019,"Emotion Recognition from Physiological Signal Analysis: A Review","Maria Egger, Matthias Ley, Sten Hanke","Electronic Notes in Theoretical Computer Science",561,https://doi.org/10.1016/j.entcs.2019.04.009,https://www.sciencedirect.com/science/article/pii/S157106611930009X/pdf,https://www.sciencedirect.com/science/article/pii/S157106611930009X/pdf
OA_KW5_030,2020,"Development of a Real-Time Emotion Recognition System Using Facial Expressions and EEG based on machine learning and deep neural network methods","Aya Hassouneh, A. M. Mutawa, M. Murugappan","Informatics in Medicine Unlocked",276,https://doi.org/10.1016/j.imu.2020.100372,https://www.sciencedirect.com/science/article/pii/S235291482030201X/pdf,https://www.sciencedirect.com/science/article/pii/S235291482030201X/pdf
OA_KW5_031,2019,"Wearable-Based Affect Recognition—A Review","Philip Schmidt, Attila Reiss, Robert Dürichen, Kristof Van Laerhoven","Sensors",223,https://doi.org/10.3390/s19194079,https://www.mdpi.com/1424-8220/19/19/4079/pdf?version=1569235524,https://www.mdpi.com/1424-8220/19/19/4079/pdf?version=1569235524
OA_KW5_032,2022,"Emotion Recognition for Everyday Life Using Physiological Signals From Wearables: A Systematic Literature Review","Stanisław Saganowski, Bartosz Perz, Adam G. Polak, Przemysław Kazienko","IEEE Transactions on Affective Computing",206,https://doi.org/10.1109/taffc.2022.3176135,https://ieeexplore.ieee.org/ielx7/5165369/5520654/09779458.pdf,https://ieeexplore.ieee.org/ielx7/5165369/5520654/09779458.pdf
OA_KW5_033,2021,"Trends in Heart-Rate Variability Signal Analysis","Syem Ishaque, Naimul Khan, Sridhar Krishnan","Frontiers in Digital Health",160,https://doi.org/10.3389/fdgth.2021.639444,https://www.frontiersin.org/articles/10.3389/fdgth.2021.639444/pdf,https://www.frontiersin.org/articles/10.3389/fdgth.2021.639444/pdf
OA_KW5_034,2020,"Advances in Multimodal Emotion Recognition Based on Brain–Computer Interfaces","Zhipeng He, Zina Li, Fuzhou Yang, Lei Wang, Jingcong Li","Brain Sciences",153,https://doi.org/10.3390/brainsci10100687,https://www.mdpi.com/2076-3425/10/10/687/pdf,https://www.mdpi.com/2076-3425/10/10/687/pdf
OA_KW5_035,2019,"Electronic Skin: Recent Progress and Future Prospects for Skin‐Attachable Devices for Health Monitoring, Robotics, and Prosthetics","Jun Chang Yang, Jaewan Mun, Se Young Kwon, Seongjun Park, Zhenan Bao","Advanced Materials",1660,https://doi.org/10.1002/adma.201904765,https://onlinelibrary.wiley.com/doi/pdfdirect/10.1002/adma.201904765,https://onlinelibrary.wiley.com/doi/pdfdirect/10.1002/adma.201904765
