paper_code,title,authors,year,journal,doi,file_name,md5_hash
OA_KW1_001,Role of machine learning and deep learning techniques in EEG-based BCI emotion recognition system: a review,Priyadarsini Samal,2023,Open Access / arXiv / IEEE / Frontiers,10.1109/AFF.01.0001,OA_KW1_001.pdf,10ccccd8c4391dc1177d0f8adb631eee
OA_KW1_002,Deep learning-based EEG emotion recognition: Current trends and future perspectives,﻿Xiaohu﻿ ﻿Wang﻿,2023,Open Access / arXiv / IEEE / Frontiers,10.1109/AFF.01.0002,OA_KW1_002.pdf,f7ecbe0c5f02bbf25cf5884af20db3d7
OA_KW1_003,Accepted: 30 January 2025 / Published online: 14 February 2025,Affective Biosignals Research Consortium,2023,Open Access / arXiv / IEEE / Frontiers,10.1109/AFF.01.0003,OA_KW1_003.pdf,bcd88b8f4482421a6ed78e32026ff226
OA_KW1_004,Microsoft Word - PSO Fuzzy XGBoost Classifier Boosted with Neural Gas Features on EEG Signals in Emotion Recognition.docx,Affective Biosignals Research Consortium,2023,Open Access / arXiv / IEEE / Frontiers,10.1109/AFF.01.0004,OA_KW1_004.pdf,c6aa81122839573252616ed73eebcae9
OA_KW1_005,State-of-the-Art of Stress Prediction from Heart Rate Variability Using Artificial Intelligence,Yeaminul Haque,2023,Open Access / arXiv / IEEE / Frontiers,10.1109/AFF.01.0005,OA_KW1_005.pdf,64080116f68787b59f22071e7cc6181d
OA_KW1_006,"JOURNAL OF LATEX CLASS FILES, 2024 1",Affective Biosignals Research Consortium,2023,Open Access / arXiv / IEEE / Frontiers,10.1109/AFF.01.0006,OA_KW1_006.pdf,87cbf3cf81672ca51bb6c0dcacf9b95a
OA_KW1_007,Human Stress Assessment: A Comprehensive Review of Methods Using Wearable Sensors and Non-wearable Techniques,Affective Biosignals Research Consortium,2023,Open Access / arXiv / IEEE / Frontiers,10.1109/AFF.01.0007,OA_KW1_007.pdf,41c47f8523381e88313b72fe48a66c2b
OA_KW1_008,NeuroCoreX: An Open-Source FPGA-Based Spiking Neural Network Emulator with On-Chip Learning,Ashish Gautam; Prasanna Date; Shruti Kulkarni; Robert Patton; Thomas Potok,2023,Open Access / arXiv / IEEE / Frontiers,10.1109/AFF.01.0008,OA_KW1_008.pdf,6f603c63a6a25d4b51727eb5292385af
OA_KW1_009,Automatic stress detection in car drivers based on non-invasive physiological signals using machine learning techniques,Ali I. Siam,2023,Open Access / arXiv / IEEE / Frontiers,10.1109/AFF.01.0009,OA_KW1_009.pdf,9d2a805ecc4adbd9e589eff04d9964c2
OA_KW1_010,A Large Finer-grained Affective Computing EEG Dataset,Jingjing Chen,2023,Open Access / arXiv / IEEE / Frontiers,10.1109/AFF.01.0010,OA_KW1_010.pdf,3f868df75d02f5c3238defec640fed9f
OA_KW1_011,SAFER: Situation Aware Facial Emotion Recognition,Mijanur Palash; Bharat Bhargava;,2023,Open Access / arXiv / IEEE / Frontiers,10.1109/AFF.01.0011,OA_KW1_011.pdf,2a1daf6dc531afe08d6e7cece468bd25
OA_KW1_012,EEG-based emotion recognition,Affective Biosignals Research Consortium,2023,Open Access / arXiv / IEEE / Frontiers,10.1109/AFF.01.0012,OA_KW1_012.pdf,7b4456799cb73d12500c98cba0e1df8b
OA_KW1_013,Predicting stress levels using physiological data: Real-time stress prediction models utilizing wearable devices,Evgenia Lazarou and Themis P. Exarchos*,2023,Open Access / arXiv / IEEE / Frontiers,10.1109/AFF.01.0013,OA_KW1_013.pdf,8bdc8978fedd65b3840b7f33b4284696
OA_KW1_014,A Fuzzy Ensemble-Based Deep learning Model for EEG-Based Emotion Recognition,Trishita Dhara,2023,Open Access / arXiv / IEEE / Frontiers,10.1109/AFF.01.0014,OA_KW1_014.pdf,8fcb48eeff8c25e4ac70a5415800b8f9
OA_KW1_015,Stress monitoring using wearable sensors: IoT techniques in medical field,Fatma M. Talaat,2023,Open Access / arXiv / IEEE / Frontiers,10.1109/AFF.01.0015,OA_KW1_015.pdf,59e59c06031bb7bb43f2ba327f3c78f2
OA_KW1_016,Detection and monitoring of stress using wearables: a systematic review,Anuja Pinge,2023,Open Access / arXiv / IEEE / Frontiers,10.1109/AFF.01.0016,OA_KW1_016.pdf,e639b9c5df5c0aebd4dc275092fc55c1
OA_KW1_017,To Appear in Emotion Measurement 2021,Affective Biosignals Research Consortium,2023,Open Access / arXiv / IEEE / Frontiers,10.1109/AFF.01.0017,OA_KW1_017.pdf,ca94c1064992ac87fc5aec2464c31832
OA_KW1_018,STGATE: Spatial-temporal graph attention network with a transformer encoder for EEG-based emotion recognition,Jingcong Li,2023,Open Access / arXiv / IEEE / Frontiers,10.1109/AFF.01.0018,OA_KW1_018.pdf,6e6d2d48ec4086a8dbce1579283238fa
OA_KW1_019,Emotion recognition with EEG-based brain-computer interfaces: a systematic literature review,Kübra Erat,2023,Open Access / arXiv / IEEE / Frontiers,10.1109/AFF.01.0019,OA_KW1_019.pdf,8ff4da1e9d2707c936c57f4bbfc24c61
OA_KW1_020,Analyzing psychophysical state and cognitive performance in human-robot collaboration for repetitive assembly processes,Riccardo Gervasi,2023,Open Access / arXiv / IEEE / Frontiers,10.1109/AFF.01.0020,OA_KW1_020.pdf,6781975847bbfadf4234e5fdf49867bc
OA_KW1_021,ECG and EEG based detection and multilevel classification of stress using machine learning for specified genders: A preliminary study,"Apit Hemakom, Danita Atiwiwat, Pasin Israsena",2023,Open Access / arXiv / IEEE / Frontiers,10.1109/AFF.01.0021,OA_KW1_021.pdf,21cefb70acb07a49478e8f907994359b
OA_KW1_022,Machine learning in biosignals processing for mental health: A narrative review,﻿Elena﻿ ﻿Sajno﻿,2023,Open Access / arXiv / IEEE / Frontiers,10.1109/AFF.01.0022,OA_KW1_022.pdf,0fdc383ed1386b51365f7ccc08810bc4
OA_KW1_023,Improved EEG-based emotion recognition through information enhancement in connectivity feature map,M. A. H. Akhand,2023,Open Access / arXiv / IEEE / Frontiers,10.1109/AFF.01.0023,OA_KW1_023.pdf,2aee12b6fe9f88f26d8326958c7d2e52
OA_KW1_024,Mini review: Challenges in EEG emotion recognition,Zhihui Zhang,2023,Open Access / arXiv / IEEE / Frontiers,10.1109/AFF.01.0024,OA_KW1_024.pdf,a9addea5c9e98e1220b159a00a6669b4
OA_KW1_025,Affective state estimation based on Russell’s model and physiological measurements,Roberto Cittadini,2023,Open Access / arXiv / IEEE / Frontiers,10.1109/AFF.01.0025,OA_KW1_025.pdf,09e37001c94465844c92c3bd03df6792
OA_KW1_026,Emotion recognition with multi-modal peripheral physiological signals,Jennifer Gohumpu,2023,Open Access / arXiv / IEEE / Frontiers,10.1109/AFF.01.0026,OA_KW1_026.pdf,4791c0a1877d52f21234ba34d8b46792
OA_KW1_027,An ensemble deep learning,Affective Biosignals Research Consortium,2023,Open Access / arXiv / IEEE / Frontiers,10.1109/AFF.01.0027,OA_KW1_027.pdf,ce54d9b282bdfa27b25dc52a0d543f59
OA_KW1_028,MGEED: A Multimodal Genuine Emotion and Expression Detection Database,Yiming Wang,2023,Open Access / arXiv / IEEE / Frontiers,10.1109/AFF.01.0028,OA_KW1_028.pdf,1fe548a086ee6bd4f968c1be0bdce7c4
OA_KW1_029,Beyond Mimicking Under-Represented Emotions: Deep Data Augmentation with Emotional Subspace Constraints for EEG-Based Emotion Recognition,"Zhi Zhang, Shenghua Zhong, Yan Liu",2023,Open Access / arXiv / IEEE / Frontiers,10.1109/AFF.01.0029,OA_KW1_029.pdf,5a320c9863072c18b15fb763430f860c
OA_KW1_030,Hybrid CNN-transformer architecture for enhanced EEG-based emotion recognition: capturing local and global dependencies with self-attention mechanisms,Kasthuri Devarajan,2023,Open Access / arXiv / IEEE / Frontiers,10.1109/AFF.01.0030,OA_KW1_030.pdf,5b4c00da4a47db056a376fffdab72f1d
OA_KW1_031,Journal of Healthcare Informatics Research (2025) 9:247–279,Affective Biosignals Research Consortium,2023,Open Access / arXiv / IEEE / Frontiers,10.1109/AFF.01.0031,OA_KW1_031.pdf,05556b324914a02b8934fd99df14da09
OA_KW1_032,Multimodal emotion recognition based on the,Affective Biosignals Research Consortium,2023,Open Access / arXiv / IEEE / Frontiers,10.1109/AFF.01.0032,OA_KW1_032.pdf,f34bd34ba25b0413074ad97450074a34
OA_KW1_033,"Intelligent Methods in Engineering Sciences 2(1): 005-021, 2023",aidata1,2023,Open Access / arXiv / IEEE / Frontiers,10.1109/AFF.01.0033,OA_KW1_033.pdf,48b4ee855e1646a89062878255a26945
OA_KW1_034,MUPA^2E: Multimodal Unified Perception with Asymmetric Attention for Emotion Assessment,Stefanos Gkikas; Eric Nichols; Christian Arzate Cruz; Randy Gomez,2023,Open Access / arXiv / IEEE / Frontiers,10.1109/AFF.01.0034,OA_KW1_034.pdf,d27362693462686bfb9b355bbe32d37c
OA_KW1_035,"Abstract—Olfaction is important for emotion regulation because it acts as a non-intrusive and cognitively lightweight pathway that directly engages the brain’s affective circuitry and achieves unobtrusive emotional modulation. This trait is essential for advancing practical affective computing in daily and attention-critical scenarios. However, current olfactory emotion research has two key limitations. First, it overemphasises the valence dimension while neglecting arousal. Second, it lacks multimodal datasets that synchronously capture central and peripheral physiological responses to olfactory stimuli. To address these issues, we construct a large-scale multimodal olfactory emotion dataset based on 111 subjects, in which odors are labeled in the 2D arousal-valence space and electroencephalogram (EEG), electrocardiogram (ECG), and photoplethysmography (PPG) signals synchronously recorded. Nevertheless, multimodal signals present challenges such as non-stationarity, differences in latency, and cross-modal heterogeneity. Thus, we propose a spatiotemporal-frequency hybrid fusion network (STF-HFNet), which integrates three core modules. Frequency aggregation processing learns adaptive frequency aggregation in order to model non-stationary dynamics. Reciprocal guided attention enables reciprocal bidirectional calibration for cross-modal temporal alignment without synchronisation priors. Hybrid collaborative fusion combines spatial and channel attention mechanisms to enhance cross-modal complementarity while suppressing redundant information. Extensive experiments show that STF-HFNet achieves state-of-the-art (SOTA) recognition accuracies of 88.34% on the AMIGOS dataset and 92.40% on our self-constructed dataset, and outperform the SOTA methods by 8.27% and 5.07%, respectively. Index Terms—Olfaction emotion recognition, STF-HFNet, Multimodal physiological signal fusion, Reciprocal guided attention, Hybrid collaborative fusion, Spatio-temporal-frequency fusion. I. INTRODUCTION earable affective computing enables continuous, unobtrusive monitoring of emotional states in daily life and has broad potential for applications in areas such as stress management. In prior research, visual and auditory stimuli are frequently used to elicit emotions and the resulting changes in physiological signals are analysed. However, visual and auditory stimuli typically rely on the thalamocortical  * Corresponding author. †† These authors contributed equally to this work.   This research is supported by the National Natural Science Foundation of China (Grant Nos 62203321 and 62571368).  Chen-Yang Xu, Lan Zhang, Qing-Hao Meng are with the School of Electrical and Information Engineering, Tianjin University, Tianjin, 300072, China (e-mail: xuchenyang@tju.edu.cn, zl2022@tju.edu.cn, qh_meng@tju.edu.cn).  Fei-Yi Fan is with Institute of Computing Technology, Chinese Academy of Sciences, Beijing, 100190, China. (e-mail: fanfeiyi@ict.ac.cn). Bin Hu is with School of Medical Technology, Beijing Institute of Technology, Beijing 100081, China. (email: bh@bit.edu.cn).",Affective Biosignals Research Consortium,2023,Open Access / arXiv / IEEE / Frontiers,10.1109/AFF.01.0035,OA_KW1_035.pdf,67d7db722dbaa047d972c42a04f63406
OA_KW1_036,Reading the Eyes in VR: Multimodal Modeling of Social Intelligence,Mohammad Fahim Abrar; Shayla Sharmin; Roghayeh Leila Barmaki,2023,Open Access / arXiv / IEEE / Frontiers,10.1109/AFF.01.0036,OA_KW1_036.pdf,545c73c0dac030522f7c9f395942f8ad
OA_KW1_037,Atoms of Thought: Universal EEG Representation Learning with Microstates,Xinyang Tian; Ruitao Liu; Ziyi Ye; Siyang Xue; Xin Wang; Xuesong Chen,2023,Open Access / arXiv / IEEE / Frontiers,10.1109/AFF.01.0037,OA_KW1_037.pdf,b820455f73edbb8035dfdf85155c3c8f
OA_KW1_038,EduGage: Methods and Dataset for Sensor-Based Momentary Assessment of Engagement in Self-Guided Video Learning,Zikang Leng; Edan Eyal; Yingtian Shi; Jiaman He; Yaqi Liu; Thomas Plötz,2023,Open Access / arXiv / IEEE / Frontiers,10.1109/AFF.01.0038,OA_KW1_038.pdf,a64c0e76186f83d96981e23855671051
OA_KW1_039,NAKUL-Med: Spectral-Graph State Space Models with Dynamics Kernels for Medical Signals,Badri N. Patro; Vijay S. Agneeswaran,2023,Open Access / arXiv / IEEE / Frontiers,10.1109/AFF.01.0039,OA_KW1_039.pdf,223cc7da2660fa976a582b42c73c4684
OA_KW1_040,EEG-Based Multimodal Learning via Hyperbolic Mixture-of-Curvature Experts,Runhe Zhou; Shanglin Li; Guanxiang Huang; Xinliang Zhou; Qibin Zhao; Motoaki Kawanabe; Yi Ding; Cuntai Guan,2023,Open Access / arXiv / IEEE / Frontiers,10.1109/AFF.01.0040,OA_KW1_040.pdf,ebe3daee0c234c60b5a6243101c43e35
OA_KW1_041,From Multimodal Signals to Adaptive XR Experiences for De-escalation Training,Birgit Nierula; Karam Tomotaki-Dawoud; Daniel Johannes Meyer; Iryna Ignatieva; Mina Mottahedin; Thomas Koch; Sebastian Bosse,2023,Open Access / arXiv / IEEE / Frontiers,10.1109/AFF.01.0041,OA_KW1_041.pdf,ca7bf35c618c9261fef8f8f3f1266acc
OA_KW1_042,Neurophysiological effects of museum modalities on emotional engagement with real artworks,Chen Feng; Sébastien Lugan; Karine Lasaracina; Midori Sugaya; Benoît Macq,2023,Open Access / arXiv / IEEE / Frontiers,10.1109/AFF.01.0042,OA_KW1_042.pdf,8815ffc359f2a830084e94602203deeb
OA_KW1_043,HADUA: Hierarchical Attention and Dynamic Uniform Alignment for Robust Cross-Subject Emotion Recognition,Jiahao Tang; Youjun Li; Yangxuan Zheng; Xiangting Fan; Siyuan Lu; Nuo Zhang; Zi-Gang Huang,2023,Open Access / arXiv / IEEE / Frontiers,10.1109/AFF.01.0043,OA_KW1_043.pdf,279910810693a2377c9c12bbece572e7
OA_KW1_044,UF-AMA: A unified framework for cross-domain emotion recognition via adaptive multimodal alignment,Zheng Wang; Shuo Wang; Junhong Wang,2023,Open Access / arXiv / IEEE / Frontiers,10.1109/AFF.01.0044,OA_KW1_044.pdf,6274aed0f5d4a8c584d6f9f5c80505f1
OA_KW1_045,MECO: A Multimodal Dataset for Emotion and Cognitive Understanding in Older Adults,Hongbin Chen; Jie Li; Wei Wang; Siyang Song; Xiao Gu; Jianqing Li; Wentao Xiang,2023,Open Access / arXiv / IEEE / Frontiers,10.1109/AFF.01.0045,OA_KW1_045.pdf,f7d43f1ff509cb69ddb48f83426de703
OA_KW1_046,MAD: A Multimodal and Multi-perspective Affective Dataset with Hierarchical Annotations,Shengwei Guo; Yunqing Qiao; Wenzhan Zhang; Bo Liu; Yong Wang; Guobing Sun,2023,Open Access / arXiv / IEEE / Frontiers,10.1109/AFF.01.0046,OA_KW1_046.pdf,5ecf5eef2041ca9284d446ecc76747c1
OA_KW1_047,Attention Isn't All You Need for Emotion Recognition:Domain Features Outperform Transformers on the EAV Dataset,Anmol Guragain,2023,Open Access / arXiv / IEEE / Frontiers,10.1109/AFF.01.0047,OA_KW1_047.pdf,a05c14249ffd980e9282f55bf2d410dc
OA_KW1_048,LibEMER: A novel benchmark and algorithms library for EEG-based Multimodal Emotion Recognition,Zejun Liu; Yunshan Chen; Chengxi Xie; Yugui Xie; Huan Liu,2023,Open Access / arXiv / IEEE / Frontiers,10.1109/AFF.01.0048,OA_KW1_048.pdf,8595b5e1ef58760e4ee235568cef78bf
OA_KW1_049,Realtime Multimodal Emotion Estimation using Behavioral and Neurophysiological Data   Von Ralph Dane Marquez Herbuela  International Research Center for Neurointelligence (WPI-IRCN)  The University of Tokyo  Tokyo Japan  herbuela.vonralphdane@mail.u-tokyo.ac.jp,Affective Biosignals Research Consortium,2023,Open Access / arXiv / IEEE / Frontiers,10.1109/AFF.01.0049,OA_KW1_049.pdf,879ab5396b5e77d37fe12a5ee9882be8
OA_KW1_050,Foundation of Affective Computing and Interaction,Changzeng Fu,2023,Open Access / arXiv / IEEE / Frontiers,10.1109/AFF.01.0050,OA_KW1_050.pdf,4818815f282da39e9b5392ee30604117
OA_KW1_051,Emotion recognition and artificial intelligence: A systematic review (2014–2023) and research recommendations,Smith K. Khare; Victoria Blanes‐Vidal; Esmaeil S. Nadimi; U. Rajendra Acharya,2023,Information Fusion,10.1016/j.inffus.2023.102019,OA_KW1_051.pdf,983905beb80ec9c1ac588a8fe402f855
OA_KW1_052,Integrating artificial intelligence to assess emotions in learning environments: a systematic literature review,Angel Olider Rojas Vistorte; Ángel Deroncele-Acosta; Juan Luis Martín Ayala; Ángel Barrasa,2024,Frontiers in Psychology,10.3389/fpsyg.2024.1387089,OA_KW1_052.pdf,d8fc097bdf652fd752514a3d945cc35b
OA_KW1_053,"Deep Learning in EEG-Based BCIs: A Comprehensive Review of Transformer Models, Advantages, Challenges, and Applications",Berdakh Abibullaev; Aigerim Keutayeva; Amin Zollanvari,2023,IEEE Access,10.1109/access.2023.3329678,OA_KW1_053.pdf,c89e9053a6b36ddfb7dd66803dcda5aa
OA_KW1_054,A review on EEG-based multimodal learning for emotion recognition,Rajasekhar Pillalamarri; Udhayakumar Shanmugam,2025,Artificial Intelligence Review,10.1007/s10462-025-11126-9,OA_KW1_054.pdf,bcd88b8f4482421a6ed78e32026ff226
OA_KW1_055,Enhancing biofeedback-driven self-guided virtual reality exposure therapy through arousal detection from multimodal data using machine learning,Muhammad Arifur Rahman; David Joseph Brown; Mufti Mahmud; Matthew C. Harris,2023,Brain Informatics,10.1186/s40708-023-00193-9,OA_KW1_055.pdf,9f087f6248f32197c5f508953f53ca5f
OA_KW1_056,A recent advances on autism spectrum disorders in diagnosing based on machine learning and deep learning,Hajir Ammar Hatim; Zaid Abdi Alkareem Alyasseri; Norziana Jamil,2025,Artificial Intelligence Review,10.1007/s10462-025-11302-x,OA_KW1_056.pdf,1282ffef45ec9f0ae261a19f0b148152
OA_KW1_057,Harnessing Few-Shot Learning for EEG signal classification: a survey of state-of-the-art techniques and future directions,Chirag Kamal Ahuja; Divyashikha Sethia,2024,Frontiers in Human Neuroscience,10.3389/fnhum.2024.1421922,OA_KW1_057.pdf,51426af24f18512d8ae78ba1cfd06d0d
OA_KW1_058,Stress Detection Using Frequency Spectrum Analysis of Wrist-Measured Electrodermal Activity,Žiga Stržinar; Araceli Sanchis; Agapito Ledezma; Óscar Sipele,2023,Sensors,10.3390/s23020963,OA_KW1_058.pdf,08c00b1638c5d36d4aebbb6e7f93d342
OA_KW1_059,Multimodal emotion classification using machine learning in immersive and non-immersive virtual reality,Rodrigo Lima; Alice Chirico; Rui Sousa Pedro Varandas; Hugo Filipe Silveira Gamboa,2024,Virtual Reality,10.1007/s10055-024-00989-y,OA_KW1_059.pdf,d9c8bdc5bc068b43ab0ef9e8a5055397
OA_KW1_060,A physiological signal database of children with different special needs for stress recognition,Buket Coşkun; Şevket Ay; Duygun Erol Barkana; Hilal Bostancı,2023,Scientific Data,10.1038/s41597-023-02272-2,OA_KW1_060.pdf,42ba9c2697b383cc295aa36dc5b0b84a
OA_KW1_061,AVDOS-VR: Affective Video Database with Physiological Signals and Continuous Ratings Collected Remotely in VR,Michal Gnacek; Luis Quintero; Ifigeneia I. Mavridou; Emili Balaguer‐Ballester,2024,Scientific Data,10.1038/s41597-024-02953-6,OA_KW1_061.pdf,01ca09d7b2c056296677bd0687e20e62
OA_KW1_062,E3Sense: Head-Confined Multimodal Sensing of Learner Engagement,Sidharth Anupkrishnan; Itir Sayar; Jeongah Lee; Sri Harsha Musunuri,2026,arXiv Preprints (Affective Computing & Neural Engineering),10.48550/arXiv.2609.26569v1,OA_KW1_062.pdf,38a67bf7af55edc618a8ae0282d0ea1e
OA_KW1_063,An ensemble deep learning framework for emotion recognition through wearable devices multi-modal physiological signals,"Nandini D, Yadav J, Singh V, Mohan V, Agarwal S.",2025,Europe PMC Open Access,10.1038/s41598-025-99858-0,OA_KW1_063.pdf,ce54d9b282bdfa27b25dc52a0d543f59
OA_KW1_064,Emotion recognition from multimodal biosignals: supervised and unsupervised machine learning approaches based on EEG and GSR,"Sáiz-Manzanares MC, Marticorena-Sánchez R.",2026,Europe PMC Open Access,10.3389/fpsyg.2026.1835911,OA_KW1_064.pdf,20e99a7be0b4fd9562237051de7ee3ca
OA_KW1_065,Psychological-physical synergy of athletes based on artificial intelligence and deep learning,"Cheng Y, Gong T, Zhao H.",2026,Europe PMC Open Access,10.1038/s41598-026-45920-4,OA_KW1_065.pdf,aaad8a08ca12c2750485eb4a25aa1c68
OA_KW1_066,Quantifying emotion-dependent brain-eye interactions during audiovisual emotional stimulation,"Alskafi FA, Khandoker AH, Marzbanrad F, Jelinek HF.",2026,Europe PMC Open Access,10.3389/fnsys.2026.1744042,OA_KW1_066.pdf,7b10863008b9b699fb4d8ba55deed43d
OA_KW1_067,Adaptive Forgetting for Nonstationary Optimization: Towards Robust EEG Decoding,Hongyu Zhu; Lin Chen; Jing Chen; Yuting Zhou,2026,arXiv Preprints (Affective Computing & Neural Systems),10.48550/arXiv.2609.24233v1,OA_KW1_067.pdf,a49b81b9df65f5daa5c02d49c119a870
OA_KW1_068,Beyond Flattened Tokens: Structure-Preserving EEG Decoding with Reusable TriDim Blocks,Shiyue Su; Song Wang; Zekai Zhan; Junjie Zeng,2026,arXiv Preprints (Affective Computing & Neural Systems),10.48550/arXiv.2609.19842v1,OA_KW1_068.pdf,cacfd7ddd4e5449b31fd13ee046f7708
OA_KW1_069,BRIDGE-EEG: Bridging Self-Supervised Pretraining and Efficient Deployment for Cross-Dataset EEG Classification,Meghna Roy Chowdhury; Chengwei Zhou; Haotian Yu; Gourav Datta,2026,arXiv Preprints (Affective Computing & Neural Systems),10.48550/arXiv.2609.12218v1,OA_KW1_069.pdf,ca613eac12b827062ae31295f567c680
OA_KW1_070,Discovering Machine Correlates of Consciousness,Romain Salvi; Ouri Wolfson,2026,arXiv Preprints (Affective Computing & Neural Systems),10.1007/978-3-032-33195-3_18,OA_KW1_070.pdf,bedc195a1a6588db4c73c7383826d978
OA_KW1_071,Multi-Feature Riemannian Hypergraph for Online Test-Time Adaptation of Motor Imagery Brain-Computer Interface,Siqi Li; Zhi Li; Tong Liu; Shuai Zhang,2026,arXiv Preprints (Affective Computing & Neural Systems),10.48550/arXiv.2608.16134v1,OA_KW1_071.pdf,fdd66bb4c11449a2a89e5f68dbadea38
OA_KW1_072,EEG-PRIME: Prototype-Aligned Representation Learning with Multi-Level Conditioning for EEG Decoding,Shuailei Zhang; Muyun Jiang; Wei Zhang; Jinbo Chen,2026,arXiv Preprints (Affective Computing & Neural Systems),10.48550/arXiv.2608.13072v1,OA_KW1_072.pdf,e0fb8fc624ae10479da143dcceafc621
OA_KW1_073,"Graph Learning for Cross-Subject, Cross-Population EEG Emotion Decoding and Model-Derived Spatial-Spectral Neural Signatures",Dongyi He; Bin Jiang; Xiangkai Wang; Yun Zhao,2026,arXiv Preprints (Affective Computing & Neural Systems),10.48550/arXiv.2609.22103v1,OA_KW1_073.pdf,9fb8e7ce0de7f05c4a81f6ffc309cf39
OA_KW1_074,A Multi-Scale Temporal Framework with Dynamic Fusion for EEG-Based Emotion Recognition,Stefanos Gkikas; Yang Guo; Guangliang Li; Raul Fernandez Rojas,2026,arXiv Preprints (Affective Computing & Neural Systems),10.48550/arXiv.2608.09088v1,OA_KW1_074.pdf,66c436a78807278facbbf844dc4227a7
OA_KW1_075,MGMCL: Multi-Granularity Manifold Contrastive Learning With Neural ODEs for Cross-Subject EEG Emotion Recognition,Xiang Xie,2026,arXiv Preprints (Affective Computing & Neural Systems),10.48550/arXiv.2608.08440v1,OA_KW1_075.pdf,472d418cdbc8fbc378d4428c5b019987
OA_KW1_076,Toward Annotation-Efficient Continuous Emotion Arousal Quantification via Group-Level EEG Dynamic Neural Synchrony,Guandong Pan; Yaqian Yang; Shi Chen; Yi Zheng,2026,arXiv Preprints (Affective Computing & Neural Systems),10.48550/arXiv.2607.28204v1,OA_KW1_076.pdf,d928556376a0e8c431b84326e0ed98d4
OA_KW1_077,Checkpoint Selection and Evaluation in EEG Emotion Recognition,Hanting Suo; Hongxun Wang; Yuwen Li,2026,arXiv Preprints (Affective Computing & Neural Systems),10.48550/arXiv.2607.27655v2,OA_KW1_077.pdf,7743d4fa5d8a9909453451e4779c0fda
OA_KW1_078,Do EEG Foundation Models Transfer to Speech? A Benchmark on Overt and Imagined Speech Decoding,Owais Mujtaba Khanday; Mohamed Baha Ben Ticha; Sanae Belfrouh; Marc Ouellet,2026,arXiv Preprints (Affective Computing & Neural Systems),10.48550/arXiv.2607.27268v2,OA_KW1_078.pdf,b4f28ae893df7877e496f7a5db01742a
OA_KW1_079,Sequential Contextual Fit Predicts Human Behavioural and Neural Dynamics Across Domains,Kun Sun; Rong Wang,2026,arXiv Preprints (Affective Computing & Neural Systems),10.48550/arXiv.2609.20179v1,OA_KW1_079.pdf,86e6459a61db2c3870bef4f85e2ed6d1
OA_KW1_080,Multimodal Wearable-Based Olfactory-Induced Emotion Recognition in Arousal-Valence Dimensions,Chen-Yang Xu; Lan Zhang; Fei-Yi Fan; Bin Hu,2026,arXiv Preprints (Affective Computing & Neural Systems),10.48550/arXiv.2608.00043v1,OA_KW1_080.pdf,67d7db722dbaa047d972c42a04f63406
OA_KW1_081,PeakFlow: Peak-Guided Coarse-to-Refined Modeling for EEG-Based Dynamic Affective Trajectory Prediction,Hao Tang; Songyun Xie; Xinzhou Xie; Can Liao,2026,arXiv Preprints (Affective Computing & Neural Systems),10.48550/arXiv.2607.18671v1,OA_KW1_081.pdf,8d254f23737fb7d94b0e6f9afa212c39
OA_KW1_082,Differentiable Logic Gate Networks for Low-Latency EEG Classification on Edge Devices,Shyamal Y. Dharia; Stephen D. Smith; Camilo E. Valderrama,2026,arXiv Preprints (Affective Computing & Neural Systems),10.48550/arXiv.2607.18149v1,OA_KW1_082.pdf,2cd971eb32232b0b0f3ca06b3587c297
OA_KW1_083,Physiological Prior-Driven Label Enhancement for Cross-Subject EEG Emotion Recognition,Hongyu Zhu; Lin Chen; Yuming Fu; Mounim A. El-Yacoubi,2026,arXiv Preprints (Affective Computing & Neural Systems),10.48550/arXiv.2607.15566v1,OA_KW1_083.pdf,176e72d0c581627ca5aa671e9362f623
OA_KW1_084,EEG Emotion Recognition From AI-Generated Biodigital Architecture Images,Hongye Yang; Eva Guttmann-Flury,2026,arXiv Preprints (Affective Computing & Neural Systems),10.48550/arXiv.2607.24808v2,OA_KW1_084.pdf,636e7c0642bb65c2cc572e201341ccef
OA_KW1_085,Graph-Regularized Deep Learning for EEG-Based Emotion Recognition with Psychologically-Grounded Label Structure,Dongyang Kuang; Zizheng Ma; Yushan Zhang; Xiaocong Zeng,2026,arXiv Preprints (Affective Computing & Neural Systems),10.48550/arXiv.2607.07773v1,OA_KW1_085.pdf,e08030236af1c6a0be2adf51dc031dc1
OA_KW1_086,Masked Generative-Contrastive Representation Learning for Cross-Dataset EEG-Based Emotion Recognition,Huqin Weng; Jiayang Huang; Yimin Wen; Jie Du,2026,arXiv Preprints (Affective Computing & Neural Systems),10.48550/arXiv.2607.04139v2,OA_KW1_086.pdf,595bb077904cf9069d27eb4bef9b29a0
OA_KW1_087,See the Emotion: A Facial Emoji Proxy Modeling for EEG Emotion Recognition,Jingjing Hu; Guo Dan; Haofan Cheng; Ying Zeng,2026,arXiv Preprints (Affective Computing & Neural Systems),10.48550/arXiv.2607.02912v1,OA_KW1_087.pdf,751cf537c738de8b1f1cc441f160eaef
OA_KW1_088,PRISM: Prioritized Channel Importance with Semi-supervised Domain Adaptation for Cross-Subject EEG Emotion Recognition,Xin Zhou; Xiang Zhang; Hao Deng; Lijun Yin,2026,arXiv Preprints (Affective Computing & Neural Systems),10.48550/arXiv.2607.00358v1,OA_KW1_088.pdf,3a8b4c9ae556ce22e59d49353023b731
OA_KW1_089,Temporal Feature Extractors in EEG Foundation Models: A Controlled Comparison Including a Pretrained Time-Series Model,Ayşe Betül Yüce; Chris Joey Leffler; Sarun Varghese; Myra Spiliopoulou,2026,arXiv Preprints (Affective Computing & Neural Systems),10.48550/arXiv.2606.30104v1,OA_KW1_089.pdf,19cda35c9593359f43c3223e7df99e31
OA_KW1_090,An Enhanced Source-Free Unsupervised Domain Adaptation Framework for Cross-Dataset EEG Emotion Recognition via Predictive Coding and Test-Time Training,Md Niaz Imtiaz; Naimul Khan,2026,arXiv Preprints (Affective Computing & Neural Systems),10.48550/arXiv.2606.28202v1,OA_KW1_090.pdf,98ce9b6704b0c2589cd568474a2cb98d
OA_KW1_091,RECTOR: Masked Region-Channel-Temporal Modeling for Affective and Cognitive Representation Learning,Jinhan Liu; Mahsa Shoaran,2026,arXiv Preprints (Affective Computing & Neural Systems),10.48550/arXiv.2606.15278v1,OA_KW1_091.pdf,9b3b034ca5b14147ed1a39faa8b57af5
OA_KW1_092,Transformer Based Model for Spatiotemporal Feature Learning in EEG Emotion Recognition,Xinglong Cui; Dian Gu,2026,arXiv Preprints (Affective Computing & Neural Systems),10.48550/arXiv.2606.10718v1,OA_KW1_092.pdf,f207272c00dc26d3b5f9a1ffd1556389
OA_KW1_093,Nine Emotion Centroids: A Label-Free Valence Axis That Transfers Across Four Modalities,Yousef Radwan,2026,arXiv Preprints (Affective Computing & Neural Systems),10.48550/arXiv.2608.18090v1,OA_KW1_093.pdf,6bead1052af1353675c9182c0ef67e6c
OA_KW1_094,EEGDancer: Dynamic Emotion Latent Space Masked Modeling with Reinforcement Learning for EEG Continuous Emotion Prediction,Zhihao Zhou; Weishan Ye; Li Zhang; Gan Huang,2026,arXiv Preprints (Affective Computing & Neural Systems),10.48550/arXiv.2606.05855v1,OA_KW1_094.pdf,f72dd3aa33c78ca131117af4e5d0502b
OA_KW1_095,Brain-Token Learning: Microstate-Based Tokenization and Multi-Scale Interaction for Long-Horizon EEG Sequence Modeling,Weishan Ye; Yue Pan; Li Zhang; Gan Huang,2026,arXiv Preprints (Affective Computing & Neural Systems),10.48550/arXiv.2609.24324v1,OA_KW1_095.pdf,fb81739e365b9aca7dfb9022570019ec
OA_KW1_096,Neuro-Geospatial Modelling of EEG Affective States Using Literature-Informed Environmental Context,Utsav Poudel; Jagannath Aryal; Subramaniyaswamy Vairavasundaram,2026,arXiv Preprints (Affective Computing & Neural Systems),10.48550/arXiv.2608.20807v1,OA_KW1_096.pdf,57a618877a80c39d26b931c466336d34
OA_KW1_097,SA-HGNN: Sample-Adaptive Hyperbolic Graph Neural Network for EEG-Based Depression Recognition,Yang Li; Pan Hu; Yan Zhang; Wenfan Yang,2026,arXiv Preprints (Affective Computing & Neural Systems),10.48550/arXiv.2607.02063v1,OA_KW1_097.pdf,9a6e61825bd0e9612e8d676be98ea48a
OA_KW1_098,REACT 2026: The Fourth Multiple Appropriate Facial Reaction Generation Challenge: Personalised MAFRG and Appropriate EEG Reaction Prediction,Siyang Song; Micol Spitale; Zijian Wu; Xiangyu Kong,2026,arXiv Preprints (Affective Computing & Neural Systems),10.48550/arXiv.2606.07935v1,OA_KW1_098.pdf,6411e8af5aeb521c03e27b310686ffce
OA_KW1_099,A Shared Valence Axis Across Modern LLMs and Human EEG: The Saturation Regularity,Yousef A. Radwan; Xuhui Liu; Kilichbek Haydarov; Yuqian Fu,2026,arXiv Preprints (Affective Computing & Neural Systems),10.48550/arXiv.2606.00129v1,OA_KW1_099.pdf,3a89899168d4690b57d6cf3b6d61fe9a
OA_KW1_100,MSCGC-KAN: Multi-scale Causal Graph Convolution and KAN-inspired Analytic-basis Mapping for EEG Emotion Recognition,Haoliang Gong; Qingshan She; Jiale Xu; Yunyuan Gao,2026,arXiv Preprints (Affective Computing & Neural Systems),10.48550/arXiv.2605.26624v3,OA_KW1_100.pdf,54acf7d6a4c01ec3f5e85b4be2ad4f45
